[
  {
    "name": "Ethel Price",
    "gender": "female",
    "company": "Johnson, Johnson and Partners, LLC CMP DDC",
    "age": 22,
    "treeStatus": "collapsed"
  },
  {
    "name": "Claudine Neal",
    "gender": "female",
    "company": "Sealoud",
    "age": 55,
    "treeStatus": "disabled"
  },
  {
    "name": "Beryl Rice",
    "gender": "female",
    "company": "Velity",
    "age": 67,
    "treeStatus": "disabled"
  },
  {
    "name": "Wilder Gonzales",
    "gender": "male",
    "company": "Geekko",
    "treeStatus": "disabled"
  },
  {
    "name": "Georgina Schultz",
    "gender": "female",
    "company": "Suretech",
    "treeStatus": "collapsed"
  },
  {
    "name": "Carroll Buchanan",
    "gender": "male",
    "company": "Ecosys",
    "treeStatus": "disabled"
  },
  {
    "name": "Valarie Atkinson",
    "gender": "female",
    "company": "Hopeli",
    "treeStatus": "disabled"
  },
  {
    "name": "Schroeder Mathews",
    "gender": "male",
    "company": "Polarium",
    "manager": "Ethel Price",
    "treeStatus": "disabled"
  },
  {
    "name": "Lynda Mendoza",
    "gender": "female",
    "company": "Dogspa",
    "manager": "Georgina Schultz",
    "treeStatus": "disabled"
  }
]
